<?xml version="1.0" encoding="UTF-8" ?>
<data>
    <row>
        <column>
            <video>
                <fileName>fire</fileName>
                <fileExtension>mov</fileExtension>
            </video>
        </column>
        <column>
            <video>
                <fileName>hills</fileName>
                <fileExtension>mov</fileExtension>
            </video>
        </column>
        <column>
            <video>
                <fileName>dancing</fileName>
                <fileExtension>mov</fileExtension>
            </video>
        </column>
    </row>
    <row>
        <column>
            <video>
                <fileName>dancing</fileName>
                <fileExtension>mov</fileExtension>
            </video>
        </column>
        <column>
            <video>
                <fileName>fire</fileName>
                <fileExtension>mov</fileExtension>
            </video>
        </column>
        <column>
            <video>
                <fileName>hills</fileName>
                <fileExtension>mov</fileExtension>
            </video>
        </column>
    </row>
    <row>
        <column>
            <video>
                <fileName>hills</fileName>
                <fileExtension>mov</fileExtension>
            </video>
        </column>
        <column>
            <video>
                <fileName>dancing</fileName>
                <fileExtension>mov</fileExtension>
            </video>
        </column>
        <column>
            <video>
                <fileName>fire</fileName>
                <fileExtension>mov</fileExtension>
            </video>
        </column>
    </row>
</data>
